epoch,Acc,loss,lr,val_Acc,val_loss
0,0.0989999994635582,10.773205757141113,0.1,0.10100000351667404,2.312502145767212
1,0.09894999861717224,2.307431936264038,0.1,0.10409999638795853,2.3068251609802246
2,0.09634999930858612,2.307985305786133,0.1,0.10409999638795853,2.308234691619873
3,0.09667500108480453,2.308889627456665,0.1,0.09969999641180038,2.3082234859466553
4,0.10042499750852585,2.3084487915039062,0.1,0.10409999638795853,2.3095004558563232
